No.,Name,Formula,CASN,Family,Source_Type,Data_Type,Uncertanity of experimental data,Par (calc./est.),AD%<,Status,Par(1),Par(2),Par(3),Par(4),Par(5),Par(6),Par(7),Par(8),Par(9),Par(10),Par(11),Par(12),Par(13),Par(14),Par(15),Par(16),Par(17),Par(18),Par(19),Par(20),Par(21),Par(22),Par(23),Par(24),Par(25),Par(26),Par(27),Par(28),Par(29),Par(30),Par(31),Par(32),Par(33),Par(34),Par(35),Par(36),Par(37),Par(38),Par(39),Par(40)
5,n-BUTANE,C4H10,106-97-8,N-ALKANES,Unevaluated,Experimental,< 1%,196.7649497,4,test,2,2,0,0,0,0,0,0,0,0,0,0,0,0,0,0,0,0,0,0,0,0,0,0,0,0,0,0,0,0,0,0,0,0,0,0,0,0,0,0
8,n-HEXANE,C6H14,110-54-3,N-ALKANES,Unevaluated,Experimental,< 1%,273.3694892,1,test,2,4,0,0,0,0,0,0,0,0,0,0,0,0,0,0,0,0,0,0,0,0,0,0,0,0,0,0,0,0,0,0,0,0,0,0,0,0,0,0
22,n-OCTANE,C8H18,111-65-9,N-ALKANES,Unevaluated,Experimental,< 1%,351.0412968,1,test,2,6,0,0,0,0,0,0,0,0,0,0,0,0,0,0,0,0,0,0,0,0,0,0,0,0,0,0,0,0,0,0,0,0,0,0,0,0,0,0
24,3-METHYLHEPTANE,C8H18,589-81-1,METHYLALKANES,Unevaluated,Experimental,< 1%,348.5236683,1,test,3,4,1,0,0,0,0,0,0,0,0,0,0,0,0,0,0,0,0,0,0,0,0,0,0,0,0,0,0,0,0,0,0,0,0,0,0,0,0,0
39,n-NONANE,C9H20,111-84-2,N-ALKANES,Evaluated,Smoothed,< 5%,390.2473269,1,test,2,7,0,0,0,0,0,0,0,0,0,0,0,0,0,0,0,0,0,0,0,0,0,0,0,0,0,0,0,0,0,0,0,0,0,0,0,0,0,0
49,n-UNDECANE,C11H24,1120-21-4,N-ALKANES,Evaluated,Smoothed,< 5%,469.3369594,1,test,2,9,0,0,0,0,0,0,0,0,0,0,0,0,0,0,0,0,0,0,0,0,0,0,0,0,0,0,0,0,0,0,0,0,0,0,0,0,0,0
74,CYCLOHEXANE,C6H12,110-82-7,CYCLOALKANES,Evaluated,Smoothed,< 5%,234.5910659,3,test,0,6,0,0,6,0,0,0,0,0,0,0,0,0,0,0,0,0,0,0,0,0,0,0,0,0,0,0,0,0,0,0,0,0,0,0,0,0,0,0
79,ISOPROPYLCYCLOHEXANE,C9H18,696-29-7,ALKYLCYCLOHEXANES,Evaluated,Smoothed,< 5%,357.9407322,1,test,2,5,2,0,5,1,0,0,0,0,0,0,0,0,0,0,0,0,0,0,0,0,0,0,0,0,0,0,0,0,0,0,0,0,0,0,0,0,0,0
85,"2,6-DIMETHYLHEPTANE",C9H20,1072-05-5,DIMETHYLALKANES,Evaluated,Smoothed,< 5%,385.7055843,1,test,4,3,2,0,0,0,0,0,0,0,0,0,0,0,0,0,0,0,0,0,0,0,0,0,0,0,0,0,0,0,0,0,0,0,0,0,0,0,0,0
88,ETHYLENE,C2H4,74-85-1,1-ALKENES,Evaluated,Smoothed,< 5%,113.2892365,14,test,0,0,0,0,0,0,0,0,0,2,0,0,0,0,0,0,0,0,0,0,0,0,0,0,0,0,0,0,0,0,0,0,0,0,0,0,0,0,0,0
124,m-XYLENE,C8H10,108-38-3,OTHER ALKYLBENZENES,Evaluated,Smoothed,< 5%,285.9691634,1,test,2,0,0,0,0,0,0,6,0,0,0,0,0,0,0,0,0,0,0,0,0,0,0,0,0,0,0,0,0,0,0,0,0,0,0,0,0,0,0,0
126,n-PROPYLBENZENE,C9H12,103-65-1,N-ALKYLBENZENES,Evaluated,Smoothed,< 5%,320.255218,1,test,1,2,0,0,0,0,0,6,0,0,0,0,0,0,0,0,0,0,0,0,0,0,0,0,0,0,0,0,0,0,0,0,0,0,0,0,0,0,0,0
153,n-PENTYLBENZENE,C11H16,538-68-1,N-ALKYLBENZENES,Evaluated,Smoothed,< 5%,402.5293688,1,test,1,4,0,0,0,0,0,6,0,0,0,0,0,0,0,0,0,0,0,0,0,0,0,0,0,0,0,0,0,0,0,0,0,0,0,0,0,0,0,0
170,ACENAPHTHENE,C12H10,83-32-9,OTHER CONDENSED RINGS,Evaluated,Smoothed,< 5%,373.9527956,3,test,0,2,0,0,2,0,0,10,0,0,0,0,0,0,0,0,0,0,0,0,0,0,0,0,0,0,0,0,0,0,0,0,0,0,0,0,0,0,0,0
172,CAMPHENE,C10H16,79-92-5,OTHER HYDROCARBON RINGS,Unevaluated,Experimental,< 1%,360.8004475,1,test,2,3,2,1,3,2,1,0,0,1,0,1,0,0,0,0,0,0,0,0,0,0,0,0,0,0,0,0,0,0,0,0,0,0,0,0,0,0,0,0
175,GLYOXAL,C2H2O2,107-22-2,ALDEHYDES,Staff,Predicted,< 10%,132.0699226,1,test,0,0,0,0,0,0,0,0,2,0,0,0,0,0,0,0,2,0,0,0,0,0,0,0,0,0,0,2,0,0,0,0,0,0,0,0,2,0,0,0
177,5-HEXEN-2-ONE,C6H10O,109-49-9,KETONES,Staff,Predicted,< 5%,268.2367892,1,test,1,2,0,0,0,0,0,0,0,1,1,0,0,0,0,0,0,1,0,0,0,0,0,0,0,0,0,1,0,0,0,0,0,0,0,0,1,0,0,0
179,ETHYL ISOBUTYL ETHER,C6H14O,627-02-1,ALIPHATIC ETHERS,Staff,Predicted,< 10%,287.8083865,1,test,3,0,1,0,0,0,0,0,0,0,0,0,0,0,0,0,0,0,0,0,0,1,0,0,0,0,0,1,2,0,0,0,0,4,0,0,0,1,0,0
180,MELAMINE,C3H6N6,108-78-1,AROMATIC AMINES,Staff,Predicted,< 10%,269.7683132,1,test,0,0,0,0,0,0,0,3,0,0,0,0,0,0,0,0,0,0,0,0,0,0,0,0,0,0,6,6,0,0,0,0,0,0,0,0,0,0,0,0
200,n-CROTYL ACETATE,C6H10O2,628-08-0,ACETATES,Staff,Predicted,< 10%,304.8184496,1,test,2,0,0,0,0,0,0,0,0,0,2,0,0,0,1,0,0,0,0,0,0,0,0,0,0,0,0,2,1,0,0,1,0,0,0,0,1,0,0,0
204,"1,5-PENTANEDIAMINE",C5H14N2,462-94-2,"OTHER AMINES, IMINES",Staff,Predicted,< 10%,289.1254433,1,test,2,3,0,0,0,0,0,0,0,0,0,0,0,0,0,0,0,0,0,0,0,0,0,0,0,0,4,2,2,0,0,0,0,4,0,0,0,0,0,0
211,TETRAETHOXYSILANE,C8H20O4Si,78-10-4,SILANES/SILOXANES,Staff,Predicted,< 1%,477.6728594,1,test,4,0,0,0,0,0,0,0,0,0,0,0,0,0,0,0,0,0,0,0,0,0,0,0,0,0,0,4,4,0,0,0,0,12,0,0,0,4,0,0
1,METHANE,CH4,74-82-8,N-ALKANES,Unevaluated,Experimental,< 1%,94.90173353,32,training,1,0,0,0,0,0,0,0,0,0,0,0,0,0,0,0,0,0,0,0,0,0,0,0,0,0,0,0,0,0,0,0,0,0,0,0,0,0,0,0
2,ETHANE,C2H6,74-84-0,N-ALKANES,Unevaluated,Experimental,< 1%,121.3192129,10,training,2,0,0,0,0,0,0,0,0,0,0,0,0,0,0,0,0,0,0,0,0,0,0,0,0,0,0,0,0,0,0,0,0,0,0,0,0,0,0,0
3,PROPANE,C3H8,74-98-6,N-ALKANES,Unevaluated,Experimental,< 1%,158.8917459,6,training,2,1,0,0,0,0,0,0,0,0,0,0,0,0,0,0,0,0,0,0,0,0,0,0,0,0,0,0,0,0,0,0,0,0,0,0,0,0,0,0
4,ISOBUTANE,C4H10,75-28-5,METHYLALKANES,Evaluated,Smoothed,< 5%,189.9865354,1,training,3,0,1,0,0,0,0,0,0,0,0,0,0,0,0,0,0,0,0,0,0,0,0,0,0,0,0,0,0,0,0,0,0,0,0,0,0,0,0,0
6,n-PENTANE,C5H12,109-66-0,N-ALKANES,Evaluated,Smoothed,< 5%,234.9279528,2,training,2,3,0,0,0,0,0,0,0,0,0,0,0,0,0,0,0,0,0,0,0,0,0,0,0,0,0,0,0,0,0,0,0,0,0,0,0,0,0,0
7,ISOPENTANE,C5H12,78-78-4,METHYLALKANES,Evaluated,Smoothed,< 5%,229.2599099,1,training,3,1,1,0,0,0,0,0,0,0,0,0,0,0,0,0,0,0,0,0,0,0,0,0,0,0,0,0,0,0,0,0,0,0,0,0,0,0,0,0
9,2-METHYLPENTANE,C6H14,107-83-5,METHYLALKANES,Evaluated,Smoothed,< 5%,268.7826761,1,training,3,2,1,0,0,0,0,0,0,0,0,0,0,0,0,0,0,0,0,0,0,0,0,0,0,0,0,0,0,0,0,0,0,0,0,0,0,0,0,0
12,"2,3-DIMETHYLBUTANE",C6H14,79-29-8,DIMETHYLALKANES,Evaluated,Smoothed,< 5%,263.8245083,1,training,4,0,2,0,0,0,0,0,0,0,0,0,0,0,0,0,0,0,0,0,0,0,0,0,0,0,0,0,0,0,0,0,0,0,0,0,0,0,0,0
13,n-HEPTANE,C7H16,142-82-5,N-ALKANES,Evaluated,Smoothed,< 5%,312.0779267,1,training,2,5,0,0,0,0,0,0,0,0,0,0,0,0,0,0,0,0,0,0,0,0,0,0,0,0,0,0,0,0,0,0,0,0,0,0,0,0,0,0
14,2-METHYLHEXANE,C7H16,591-76-4,METHYLALKANES,Evaluated,Smoothed,< 5%,308.5417065,1,training,3,3,1,0,0,0,0,0,0,0,0,0,0,0,0,0,0,0,0,0,0,0,0,0,0,0,0,0,0,0,0,0,0,0,0,0,0,0,0,0
15,3-METHYLHEXANE,C7H16,589-34-4,METHYLALKANES,Evaluated,Smoothed,< 5%,308.5417065,1,training,3,3,1,0,0,0,0,0,0,0,0,0,0,0,0,0,0,0,0,0,0,0,0,0,0,0,0,0,0,0,0,0,0,0,0,0,0,0,0,0
16,3-ETHYLPENTANE,C7H16,617-78-7,OTHER ALKANES,Evaluated,Smoothed,< 5%,308.5417065,2,training,3,3,1,0,0,0,0,0,0,0,0,0,0,0,0,0,0,0,0,0,0,0,0,0,0,0,0,0,0,0,0,0,0,0,0,0,0,0,0,0
17,"2,2-DIMETHYLPENTANE",C7H16,590-35-2,DIMETHYLALKANES,Evaluated,Smoothed,< 5%,303.0344419,1,training,4,2,0,1,0,0,0,0,0,0,0,0,0,0,0,0,0,0,0,0,0,0,0,0,0,0,0,0,0,0,0,0,0,0,0,0,0,0,0,0
18,"2,3-DIMETHYLPENTANE",C7H16,565-59-3,DIMETHYLALKANES,Evaluated,Smoothed,< 5%,304.2670187,1,training,4,1,2,0,0,0,0,0,0,0,0,0,0,0,0,0,0,0,0,0,0,0,0,0,0,0,0,0,0,0,0,0,0,0,0,0,0,0,0,0
19,"2,4-DIMETHYLPENTANE",C7H16,108-08-7,DIMETHYLALKANES,Evaluated,Smoothed,< 5%,304.2670187,2,training,4,1,2,0,0,0,0,0,0,0,0,0,0,0,0,0,0,0,0,0,0,0,0,0,0,0,0,0,0,0,0,0,0,0,0,0,0,0,0,0
20,"3,3-DIMETHYLPENTANE",C7H16,562-49-2,DIMETHYLALKANES,Evaluated,Smoothed,< 5%,303.0344419,1,training,4,2,0,1,0,0,0,0,0,0,0,0,0,0,0,0,0,0,0,0,0,0,0,0,0,0,0,0,0,0,0,0,0,0,0,0,0,0,0,0
21,"2,2,3-TRIMETHYLBUTANE",C7H16,464-06-2,OTHER ALKANES,Unevaluated,Experimental,< 1%,302.0673078,2,training,5,0,1,1,0,0,0,0,0,0,0,0,0,0,0,0,0,0,0,0,0,0,0,0,0,0,0,0,0,0,0,0,0,0,0,0,0,0,0,0
23,2-METHYLHEPTANE,C8H18,592-27-8,METHYLALKANES,Unevaluated,Experimental,< 1%,348.5236683,1,training,3,4,1,0,0,0,0,0,0,0,0,0,0,0,0,0,0,0,0,0,0,0,0,0,0,0,0,0,0,0,0,0,0,0,0,0,0,0,0,0
25,4-METHYLHEPTANE,C8H18,589-53-7,METHYLALKANES,Unevaluated,Experimental,< 1%,348.5236683,1,training,3,4,1,0,0,0,0,0,0,0,0,0,0,0,0,0,0,0,0,0,0,0,0,0,0,0,0,0,0,0,0,0,0,0,0,0,0,0,0,0
26,3-ETHYLHEXANE,C8H18,619-99-8,OTHER ALKANES,Evaluated,Smoothed,< 5%,348.5236683,1,training,3,4,1,0,0,0,0,0,0,0,0,0,0,0,0,0,0,0,0,0,0,0,0,0,0,0,0,0,0,0,0,0,0,0,0,0,0,0,0,0
27,"2,2-DIMETHYLHEXANE",C8H18,590-73-8,DIMETHYLALKANES,Evaluated,Smoothed,< 5%,342.4034705,1,training,4,3,0,1,0,0,0,0,0,0,0,0,0,0,0,0,0,0,0,0,0,0,0,0,0,0,0,0,0,0,0,0,0,0,0,0,0,0,0,0
28,"2,3-DIMETHYLHEXANE",C8H18,584-94-1,DIMETHYLALKANES,Evaluated,Smoothed,< 5%,344.8987167,1,training,4,2,2,0,0,0,0,0,0,0,0,0,0,0,0,0,0,0,0,0,0,0,0,0,0,0,0,0,0,0,0,0,0,0,0,0,0,0,0,0
29,"2,4-DIMETHYLHEXANE",C8H18,589-43-5,DIMETHYLALKANES,Evaluated,Smoothed,< 5%,344.8987167,1,training,4,2,2,0,0,0,0,0,0,0,0,0,0,0,0,0,0,0,0,0,0,0,0,0,0,0,0,0,0,0,0,0,0,0,0,0,0,0,0,0
31,"3,3-DIMETHYLHEXANE",C8H18,563-16-6,DIMETHYLALKANES,Evaluated,Smoothed,< 5%,342.4034705,2,training,4,3,0,1,0,0,0,0,0,0,0,0,0,0,0,0,0,0,0,0,0,0,0,0,0,0,0,0,0,0,0,0,0,0,0,0,0,0,0,0
32,"3,4-DIMETHYLHEXANE",C8H18,583-48-2,DIMETHYLALKANES,Evaluated,Smoothed,< 5%,344.8987167,1,training,4,2,2,0,0,0,0,0,0,0,0,0,0,0,0,0,0,0,0,0,0,0,0,0,0,0,0,0,0,0,0,0,0,0,0,0,0,0,0,0
33,2-METHYL-3-ETHYLPENTANE,C8H18,609-26-7,OTHER ALKANES,Evaluated,Smoothed,< 5%,344.8987167,1,training,4,2,2,0,0,0,0,0,0,0,0,0,0,0,0,0,0,0,0,0,0,0,0,0,0,0,0,0,0,0,0,0,0,0,0,0,0,0,0,0
34,3-METHYL-3-ETHYLPENTANE,C8H18,1067-08-9,OTHER ALKANES,Evaluated,Smoothed,< 5%,342.4034705,1,training,4,3,0,1,0,0,0,0,0,0,0,0,0,0,0,0,0,0,0,0,0,0,0,0,0,0,0,0,0,0,0,0,0,0,0,0,0,0,0,0
35,"2,2,3-TRIMETHYLPENTANE",C8H18,564-02-3,OTHER ALKANES,Unevaluated,Experimental,< 1%,340.5695955,1,training,5,1,1,1,0,0,0,0,0,0,0,0,0,0,0,0,0,0,0,0,0,0,0,0,0,0,0,0,0,0,0,0,0,0,0,0,0,0,0,0
36,"2,2,4-TRIMETHYLPENTANE",C8H18,540-84-1,OTHER ALKANES,Unevaluated,Experimental,< 1%,340.5695955,1,training,5,1,1,1,0,0,0,0,0,0,0,0,0,0,0,0,0,0,0,0,0,0,0,0,0,0,0,0,0,0,0,0,0,0,0,0,0,0,0,0
37,"2,3,3-TRIMETHYLPENTANE",C8H18,560-21-4,OTHER ALKANES,Evaluated,Smoothed,< 5%,340.5695955,1,training,5,1,1,1,0,0,0,0,0,0,0,0,0,0,0,0,0,0,0,0,0,0,0,0,0,0,0,0,0,0,0,0,0,0,0,0,0,0,0,0
38,"2,3,4-TRIMETHYLPENTANE",C8H18,565-75-3,OTHER ALKANES,Evaluated,Smoothed,< 5%,341.7290035,1,training,5,0,3,0,0,0,0,0,0,0,0,0,0,0,0,0,0,0,0,0,0,0,0,0,0,0,0,0,0,0,0,0,0,0,0,0,0,0,0,0
40,"2,2,5-TRIMETHYLHEXANE",C9H20,3522-94-9,OTHER ALKANES,Evaluated,Smoothed,< 5%,379.1065143,2,training,5,2,1,1,0,0,0,0,0,0,0,0,0,0,0,0,0,0,0,0,0,0,0,0,0,0,0,0,0,0,0,0,0,0,0,0,0,0,0,0
41,"2,4,4-TRIMETHYLHEXANE",C9H20,16747-30-1,OTHER ALKANES,Evaluated,Smoothed,< 5%,379.1065143,1,training,5,2,1,1,0,0,0,0,0,0,0,0,0,0,0,0,0,0,0,0,0,0,0,0,0,0,0,0,0,0,0,0,0,0,0,0,0,0,0,0
44,"2,2,3,4-TETRAMETHYLPENTANE",C9H20,1186-53-4,OTHER ALKANES,Evaluated,Smoothed,< 5%,380.2656255,2,training,6,0,2,1,0,0,0,0,0,0,0,0,0,0,0,0,0,0,0,0,0,0,0,0,0,0,0,0,0,0,0,0,0,0,0,0,0,0,0,0
46,"2,3,3,4-TETRAMETHYLPENTANE",C9H20,16747-38-9,OTHER ALKANES,Evaluated,Smoothed,< 5%,380.2656255,2,training,6,0,2,1,0,0,0,0,0,0,0,0,0,0,0,0,0,0,0,0,0,0,0,0,0,0,0,0,0,0,0,0,0,0,0,0,0,0,0,0
47,SQUALANE,C30H62,111-01-3,OTHER ALKANES,Unevaluated,Experimental,< 1%,1221.565166,1,training,8,16,6,0,0,0,0,0,0,0,0,0,0,0,0,0,0,0,0,0,0,0,0,0,0,0,0,0,0,0,0,0,0,0,0,0,0,0,0,0
48,n-DECANE,C10H22,124-18-5,N-ALKANES,Evaluated,Smoothed,< 5%,429.683474,1,training,2,8,0,0,0,0,0,0,0,0,0,0,0,0,0,0,0,0,0,0,0,0,0,0,0,0,0,0,0,0,0,0,0,0,0,0,0,0,0,0
51,n-TRIDECANE,C13H28,629-50-5,N-ALKANES,Evaluated,Smoothed,< 5%,549.2438676,1,training,2,11,0,0,0,0,0,0,0,0,0,0,0,0,0,0,0,0,0,0,0,0,0,0,0,0,0,0,0,0,0,0,0,0,0,0,0,0,0,0
52,n-TETRADECANE,C14H30,629-59-4,N-ALKANES,Evaluated,Smoothed,< 5%,589.4708819,1,training,2,12,0,0,0,0,0,0,0,0,0,0,0,0,0,0,0,0,0,0,0,0,0,0,0,0,0,0,0,0,0,0,0,0,0,0,0,0,0,0
53,n-PENTADECANE,C15H32,629-62-9,N-ALKANES,Evaluated,Smoothed,< 5%,629.8624918,1,training,2,13,0,0,0,0,0,0,0,0,0,0,0,0,0,0,0,0,0,0,0,0,0,0,0,0,0,0,0,0,0,0,0,0,0,0,0,0,0,0
54,n-HEXADECANE,C16H34,544-76-3,N-ALKANES,Unevaluated,Experimental,< 1%,670.4052917,1,training,2,14,0,0,0,0,0,0,0,0,0,0,0,0,0,0,0,0,0,0,0,0,0,0,0,0,0,0,0,0,0,0,0,0,0,0,0,0,0,0
55,n-HEPTADECANE,C17H36,629-78-7,N-ALKANES,Evaluated,Smoothed,< 5%,711.0858624,1,training,2,15,0,0,0,0,0,0,0,0,0,0,0,0,0,0,0,0,0,0,0,0,0,0,0,0,0,0,0,0,0,0,0,0,0,0,0,0,0,0
56,n-OCTADECANE,C18H38,593-45-3,N-ALKANES,Evaluated,Smoothed,< 5%,751.8908078,1,training,2,16,0,0,0,0,0,0,0,0,0,0,0,0,0,0,0,0,0,0,0,0,0,0,0,0,0,0,0,0,0,0,0,0,0,0,0,0,0,0
57,n-NONADECANE,C19H40,629-92-5,N-ALKANES,Evaluated,Smoothed,< 5%,792.806791,1,training,2,17,0,0,0,0,0,0,0,0,0,0,0,0,0,0,0,0,0,0,0,0,0,0,0,0,0,0,0,0,0,0,0,0,0,0,0,0,0,0
58,n-EICOSANE,C20H42,112-95-8,N-ALKANES,Evaluated,Smoothed,< 5%,833.8205683,1,training,2,18,0,0,0,0,0,0,0,0,0,0,0,0,0,0,0,0,0,0,0,0,0,0,0,0,0,0,0,0,0,0,0,0,0,0,0,0,0,0
59,n-HEXACOSANE,C26H54,630-01-3,N-ALKANES,Evaluated,Smoothed,< 5%,1081.234967,1,training,2,24,0,0,0,0,0,0,0,0,0,0,0,0,0,0,0,0,0,0,0,0,0,0,0,0,0,0,0,0,0,0,0,0,0,0,0,0,0,0
60,"2,2,4,4,6,8,8-HEPTAMETHYLNONANE",C16H34,4/9/4390,OTHER ALKANES,Unevaluated,Experimental,< 1%,637.4717029,1,training,9,3,1,3,0,0,0,0,0,0,0,0,0,0,0,0,0,0,0,0,0,0,0,0,0,0,0,0,0,0,0,0,0,0,0,0,0,0,0,0
61,2-METHYLOCTANE_2002Review,C9H20,3221-61-2,METHYLALKANES,Staff,Predicted,< 3%,388.7150605,1,training,3,5,1,0,0,0,0,0,0,0,0,0,0,0,0,0,0,0,0,0,0,0,0,0,0,0,0,0,0,0,0,0,0,0,0,0,0,0,0,0
62,3-METHYLOCTANE,C9H20,2216-33-3,METHYLALKANES,Evaluated,Smoothed,< 5%,388.7150605,1,training,3,5,1,0,0,0,0,0,0,0,0,0,0,0,0,0,0,0,0,0,0,0,0,0,0,0,0,0,0,0,0,0,0,0,0,0,0,0,0,0
63,4-METHYLOCTANE,C9H20,2216-34-4,METHYLALKANES,Evaluated,Smoothed,< 5%,388.7150605,1,training,3,5,1,0,0,0,0,0,0,0,0,0,0,0,0,0,0,0,0,0,0,0,0,0,0,0,0,0,0,0,0,0,0,0,0,0,0,0,0,0
64,3-ETHYLHEPTANE,C9H20,15869-80-4,OTHER ALKANES,Evaluated,Smoothed,< 5%,388.7150605,1,training,3,5,1,0,0,0,0,0,0,0,0,0,0,0,0,0,0,0,0,0,0,0,0,0,0,0,0,0,0,0,0,0,0,0,0,0,0,0,0,0
65,"2,2-DIMETHYLHEPTANE",C9H20,1071-26-7,DIMETHYLALKANES,Evaluated,Smoothed,< 5%,381.8253081,1,training,4,4,0,1,0,0,0,0,0,0,0,0,0,0,0,0,0,0,0,0,0,0,0,0,0,0,0,0,0,0,0,0,0,0,0,0,0,0,0,0
66,CYCLOBUTANE,C4H8,287-23-0,CYCLOALKANES,Evaluated,Smoothed,< 5%,180.7078329,5,training,0,4,0,0,4,0,0,0,0,0,0,0,0,0,0,0,0,0,0,0,0,0,0,0,0,0,0,0,0,0,0,0,0,0,0,0,0,0,0,0
67,CYCLOPENTANE,C5H10,287-92-3,CYCLOALKANES,Evaluated,Smoothed,< 5%,202.3052125,1,training,0,5,0,0,5,0,0,0,0,0,0,0,0,0,0,0,0,0,0,0,0,0,0,0,0,0,0,0,0,0,0,0,0,0,0,0,0,0,0,0
68,METHYLCYCLOPENTANE,C6H12,96-37-7,ALKYLCYCLOPENTANES,Evaluated,Smoothed,< 5%,247.1283572,2,training,1,4,1,0,4,1,0,0,0,0,0,0,0,0,0,0,0,0,0,0,0,0,0,0,0,0,0,0,0,0,0,0,0,0,0,0,0,0,0,0
70,"1,1-DIMETHYLCYCLOPENTANE",C7H14,1638-26-2,ALKYLCYCLOPENTANES,Evaluated,Smoothed,< 5%,275.3426118,3,training,2,4,0,1,4,0,1,0,0,0,0,0,0,0,0,0,0,0,0,0,0,0,0,0,0,0,0,0,0,0,0,0,0,0,0,0,0,0,0,0
71,n-PROPYLCYCLOPENTANE,C8H16,2040-96-2,ALKYLCYCLOPENTANES,Evaluated,Smoothed,< 5%,322.8371988,1,training,1,6,1,0,4,1,0,0,0,0,0,0,0,0,0,0,0,0,0,0,0,0,0,0,0,0,0,0,0,0,0,0,0,0,0,0,0,0,0,0
72,ISOPROPYLCYCLOPENTANE,C8H16,3875-51-2,ALKYLCYCLOPENTANES,Evaluated,Smoothed,< 5%,307.4208522,5,training,2,4,2,0,4,1,0,0,0,0,0,0,0,0,0,0,0,0,0,0,0,0,0,0,0,0,0,0,0,0,0,0,0,0,0,0,0,0,0,0
73,n-BUTYLCYCLOPENTANE,C9H18,2040-95-1,ALKYLCYCLOPENTANES,Evaluated,Smoothed,< 5%,361.166945,1,training,1,7,1,0,4,1,0,0,0,0,0,0,0,0,0,0,0,0,0,0,0,0,0,0,0,0,0,0,0,0,0,0,0,0,0,0,0,0,0,0
75,METHYLCYCLOHEXANE,C7H14,108-87-2,ALKYLCYCLOHEXANES,Evaluated,Smoothed,< 5%,283.966365,2,training,1,5,1,0,5,1,0,0,0,0,0,0,0,0,0,0,0,0,0,0,0,0,0,0,0,0,0,0,0,0,0,0,0,0,0,0,0,0,0,0
77,"1,1-DIMETHYLCYCLOHEXANE",C8H16,590-66-9,ALKYLCYCLOHEXANES,Evaluated,Smoothed,< 5%,323.5641578,2,training,2,5,0,1,5,0,1,0,0,0,0,0,0,0,0,0,0,0,0,0,0,0,0,0,0,0,0,0,0,0,0,0,0,0,0,0,0,0,0,0
78,n-PROPYLCYCLOHEXANE,C9H18,1678-92-8,ALKYLCYCLOHEXANES,Evaluated,Smoothed,< 5%,361.4423049,1,training,1,7,1,0,5,1,0,0,0,0,0,0,0,0,0,0,0,0,0,0,0,0,0,0,0,0,0,0,0,0,0,0,0,0,0,0,0,0,0,0
81,BICYCLOHEXYL,C12H22,92-51-3,MULTIRING CYCLOALKANES,Unevaluated,Experimental,< 1%,449.5707081,1,training,0,10,2,0,10,2,0,0,0,0,0,0,0,0,0,0,0,0,0,0,0,0,0,0,0,0,0,0,0,0,0,0,0,0,0,0,0,0,0,0
82,n-DECYLCYCLOHEXANE,C16H32,1795-16-0,ALKYLCYCLOHEXANES,Evaluated,Smoothed,< 5%,639.0079934,1,training,1,14,1,0,5,1,0,0,0,0,0,0,0,0,0,0,0,0,0,0,0,0,0,0,0,0,0,0,0,0,0,0,0,0,0,0,0,0,0,0
83,CYCLOHEPTANE,C7H14,291-64-5,CYCLOALKANES,Evaluated,Smoothed,< 5%,274.2235626,2,training,0,7,0,0,7,0,0,0,0,0,0,0,0,0,0,0,0,0,0,0,0,0,0,0,0,0,0,0,0,0,0,0,0,0,0,0,0,0,0,0
84,CYCLOOCTANE,C8H16,292-64-8,CYCLOALKANES,Evaluated,Smoothed,< 5%,317.0314867,2,training,0,8,0,0,8,0,0,0,0,0,0,0,0,0,0,0,0,0,0,0,0,0,0,0,0,0,0,0,0,0,0,0,0,0,0,0,0,0,0,0
86,"2,2-DIMETHYL-3-ETHYLPENTANE",C9H20,16747-32-3,OTHER ALKANES,Evaluated,Smoothed,< 5%,379.1065143,1,training,5,2,1,1,0,0,0,0,0,0,0,0,0,0,0,0,0,0,0,0,0,0,0,0,0,0,0,0,0,0,0,0,0,0,0,0,0,0,0,0
87,"2,4-DIMETHYL-3-ETHYLPENTANE",C9H20,1068-87-7,OTHER ALKANES,Evaluated,Smoothed,< 5%,382.7720737,1,training,5,1,3,0,0,0,0,0,0,0,0,0,0,0,0,0,0,0,0,0,0,0,0,0,0,0,0,0,0,0,0,0,0,0,0,0,0,0,0,0
89,ISOBUTENE,C4H8,115-11-7,METHYLALKENES,Evaluated,Smoothed,< 5%,178.9617699,1,training,2,0,0,0,0,0,0,0,0,1,0,1,0,0,0,0,0,0,0,0,0,0,0,0,0,0,0,0,0,0,0,0,0,0,0,0,0,0,0,0
90,2-METHYL-1-BUTENE,C5H10,563-46-2,METHYLALKENES,Evaluated,Smoothed,< 5%,217.8169657,1,training,2,1,0,0,0,0,0,0,0,1,0,1,0,0,0,0,0,0,0,0,0,0,0,0,0,0,0,0,0,0,0,0,0,0,0,0,0,0,0,0
93,"3,3-DIMETHYL-1-BUTENE",C6H12,558-37-2,ETHYL & HIGHER ALKENES,Unevaluated,Experimental,< 1%,258.8478866,1,training,3,0,0,1,0,0,0,0,0,1,1,0,0,0,0,0,0,0,0,0,0,0,0,0,0,0,0,0,0,0,0,0,0,0,0,0,0,0,0,0
94,"2,3-DIMETHYL-2-BUTENE",C6H12,563-79-1,ETHYL & HIGHER ALKENES,Unevaluated,Experimental,< 1%,254.1640183,1,training,4,0,0,0,0,0,0,0,0,0,0,2,0,0,0,0,0,0,0,0,0,0,0,0,0,0,0,0,0,0,0,0,0,0,0,0,0,0,0,0
95,1-DODECENE_2001Review,C12H24,112-41-4,1-ALKENES,Staff,Predicted,< 10%,496.9892924,1,training,1,9,0,0,0,0,0,0,0,1,1,0,0,0,0,0,0,0,0,0,0,0,0,0,0,0,0,0,0,0,0,0,0,0,0,0,0,0,0,0
96,1-PENTADECENE,C15H30,13360-61-7,1-ALKENES,Evaluated,Smoothed,< 5%,618.1197939,1,training,1,12,0,0,0,0,0,0,0,1,1,0,0,0,0,0,0,0,0,0,0,0,0,0,0,0,0,0,0,0,0,0,0,0,0,0,0,0,0,0
97,1-HEXADECENE,C16H32,629-73-2,1-ALKENES,Evaluated,Smoothed,< 5%,658.8936208,1,training,1,13,0,0,0,0,0,0,0,1,1,0,0,0,0,0,0,0,0,0,0,0,0,0,0,0,0,0,0,0,0,0,0,0,0,0,0,0,0,0
98,1-OCTADECENE,C18H36,112-88-9,1-ALKENES,Evaluated,Smoothed,< 5%,740.9564288,1,training,1,15,0,0,0,0,0,0,0,1,1,0,0,0,0,0,0,0,0,0,0,0,0,0,0,0,0,0,0,0,0,0,0,0,0,0,0,0,0,0
99,CYCLOPENTENE,C5H8,142-29-0,CYCLOALKENES,Unevaluated,Experimental,< 1%,198.8550933,4,training,0,3,0,0,3,0,0,0,0,0,2,0,0,0,0,0,0,0,0,0,0,0,0,0,0,0,0,0,0,0,0,0,0,0,0,0,0,0,0,0
100,CYCLOHEXENE,C6H10,110-83-8,CYCLOALKENES,Unevaluated,Experimental,< 1%,227.8392588,2,training,0,4,0,0,4,0,0,0,0,0,2,0,0,0,0,0,0,0,0,0,0,0,0,0,0,0,0,0,0,0,0,0,0,0,0,0,0,0,0,0
101,CYCLOHEPTENE,C7H12,628-92-2,CYCLOALKENES,Unevaluated,Experimental,< 1%,265.2049825,1,training,0,5,0,0,5,0,0,0,0,0,2,0,0,0,0,0,0,0,0,0,0,0,0,0,0,0,0,0,0,0,0,0,0,0,0,0,0,0,0,0
102,1-HEPTADECENE,C17H34,6765-39-5,1-ALKENES,Evaluated,Smoothed,< 5%,699.8436762,1,training,1,14,0,0,0,0,0,0,0,1,1,0,0,0,0,0,0,0,0,0,0,0,0,0,0,0,0,0,0,0,0,0,0,0,0,0,0,0,0,0
103,1-NONADECENE,C19H38,18435-45-5,1-ALKENES,Evaluated,Smoothed,< 5%,782.2182822,1,training,1,16,0,0,0,0,0,0,0,1,1,0,0,0,0,0,0,0,0,0,0,0,0,0,0,0,0,0,0,0,0,0,0,0,0,0,0,0,0,0
105,1-METHYLCYCLOPENTENE,C6H10,693-89-0,CYCLOALKENES,Unevaluated,Experimental,< 1%,232.4493185,1,training,1,3,0,0,3,0,0,0,0,0,1,1,0,0,0,0,0,0,0,0,0,0,0,0,0,0,0,0,0,0,0,0,0,0,0,0,0,0,0,0
106,d-LIMONENE,C10H16,5989-27-5,TERPENES,Evaluated,Smoothed,< 5%,367.7486644,1,training,2,3,1,0,3,1,0,0,0,1,1,2,0,0,0,0,0,0,0,0,0,0,0,0,0,0,0,0,0,0,0,0,0,0,0,0,0,0,0,0
108,"1,5-HEXADIENE",C6H10,592-42-7,DIALKENES,Evaluated,Smoothed,< 5%,250.3444158,2,training,0,2,0,0,0,0,0,0,0,2,2,0,0,0,0,0,0,0,0,0,0,0,0,0,0,0,0,0,0,0,0,0,0,0,0,0,0,0,0,0
109,"1,3-CYCLOHEXADIENE",C6H8,592-57-4,DIALKENES,Unevaluated,Experimental,< 1%,218.667329,1,training,0,2,0,0,2,0,0,0,4,0,4,0,0,0,0,0,0,0,0,0,0,0,0,0,0,0,0,0,0,0,0,0,0,0,0,0,0,0,0,0
110,"1,5-CYCLOOCTADIENE",C8H12,111-78-4,DIALKENES,Evaluated,Smoothed,< 5%,288.549104,1,training,0,4,0,0,4,0,0,0,0,0,4,0,0,0,0,0,0,0,0,0,0,0,0,0,0,0,0,0,0,0,0,0,0,0,0,0,0,0,0,0
111,"1,9-DECADIENE",C10H18,1647-16-1,DIALKENES,Staff,Predicted,< 10%,406.0736016,1,training,0,6,0,0,0,0,0,0,0,2,2,0,0,0,0,0,0,0,0,0,0,0,0,0,0,0,0,0,0,0,0,0,0,0,0,0,0,0,0,0
112,ACETYLENE,C2H2,74-86-2,ALKYNES,Evaluated,Smoothed,< 5%,87.23078483,1,training,0,0,0,0,0,0,0,0,0,0,0,0,2,0,0,0,0,0,0,0,0,0,0,0,0,0,0,0,0,0,0,0,2,0,0,0,0,0,0,0
113,METHYLACETYLENE,C3H4,74-99-7,ALKYNES,Unevaluated,Experimental,< 1%,129.831392,2,training,1,0,0,0,0,0,0,0,0,0,0,0,1,1,0,0,0,0,0,0,0,0,0,0,0,0,0,0,0,0,0,0,1,0,0,0,0,0,0,0
115,1-PENTYNE,C5H8,627-19-0,ALKYNES,Unevaluated,Experimental,< 1%,206.7638898,1,training,1,2,0,0,0,0,0,0,0,0,0,0,1,1,0,0,0,0,0,0,0,0,0,0,0,0,0,0,0,0,0,0,1,0,0,0,0,0,0,0
117,1-OCTYNE,C8H14,629-05-0,ALKYNES,Unevaluated,Experimental,< 1%,325.4560871,1,training,1,5,0,0,0,0,0,0,0,0,0,0,1,1,0,0,0,0,0,0,0,0,0,0,0,0,0,0,0,0,0,0,1,0,0,0,0,0,0,0
118,1-NONYNE,C9H16,9/3/3452,ALKYNES,Unevaluated,Smoothed,< 5%,365.8718574,1,training,1,6,0,0,0,0,0,0,0,0,0,0,1,1,0,0,0,0,0,0,0,0,0,0,0,0,0,0,0,0,0,0,1,0,0,0,0,0,0,0
119,1-DECYNE,C10H18,764-93-2,ALKYNES,Unevaluated,Smoothed,< 5%,406.7005383,1,training,1,7,0,0,0,0,0,0,0,0,0,0,1,1,0,0,0,0,0,0,0,0,0,0,0,0,0,0,0,0,0,0,1,0,0,0,0,0,0,0
120,BENZENE,C6H6,71-43-2,N-ALKYLBENZENES,Evaluated,Smoothed,< 5%,222.9369861,9,training,0,0,0,0,0,0,0,6,0,0,0,0,0,0,0,0,0,0,0,0,0,0,0,0,0,0,0,0,0,0,0,0,0,0,0,0,0,0,0,0
121,TOLUENE,C7H8,108-88-3,N-ALKYLBENZENES,Evaluated,Smoothed,< 5%,238.639935,3,training,1,0,0,0,0,0,0,6,0,0,0,0,0,0,0,0,0,0,0,0,0,0,0,0,0,0,0,0,0,0,0,0,0,0,0,0,0,0,0,0
122,ETHYLBENZENE,C8H10,100-41-4,N-ALKYLBENZENES,Evaluated,Smoothed,< 5%,279.3580436,2,training,1,1,0,0,0,0,0,6,0,0,0,0,0,0,0,0,0,0,0,0,0,0,0,0,0,0,0,0,0,0,0,0,0,0,0,0,0,0,0,0
123,o-XYLENE,C8H10,95-47-6,OTHER ALKYLBENZENES,Evaluated,Smoothed,< 5%,285.9691634,2,training,2,0,0,0,0,0,0,6,0,0,0,0,0,0,0,0,0,0,0,0,0,0,0,0,0,0,0,0,0,0,0,0,0,0,0,0,0,0,0,0
125,p-XYLENE,C8H10,106-42-3,OTHER ALKYLBENZENES,Evaluated,Smoothed,< 5%,285.9691634,1,training,2,0,0,0,0,0,0,6,0,0,0,0,0,0,0,0,0,0,0,0,0,0,0,0,0,0,0,0,0,0,0,0,0,0,0,0,0,0,0,0
127,CUMENE,C9H12,98-82-8,OTHER ALKYLBENZENES,Evaluated,Smoothed,< 5%,313.6494448,3,training,2,0,1,0,0,0,0,6,0,0,0,0,0,0,0,0,0,0,0,0,0,0,0,0,0,0,0,0,0,0,0,0,0,0,0,0,0,0,0,0
128,o-ETHYLTOLUENE,C9H12,611-14-3,OTHER ALKYLBENZENES,Evaluated,Smoothed,< 5%,323.8702234,2,training,2,1,0,0,0,0,0,6,0,0,0,0,0,0,0,0,0,0,0,0,0,0,0,0,0,0,0,0,0,0,0,0,0,0,0,0,0,0,0,0
129,m-ETHYLTOLUENE,C9H12,620-14-4,OTHER ALKYLBENZENES,Evaluated,Smoothed,< 5%,323.8702234,1,training,2,1,0,0,0,0,0,6,0,0,0,0,0,0,0,0,0,0,0,0,0,0,0,0,0,0,0,0,0,0,0,0,0,0,0,0,0,0,0,0
131,"1,2,3-TRIMETHYLBENZENE",C9H12,526-73-8,OTHER ALKYLBENZENES,Evaluated,Smoothed,< 5%,323.127485,2,training,3,0,0,0,0,0,0,6,0,0,0,0,0,0,0,0,0,0,0,0,0,0,0,0,0,0,0,0,0,0,0,0,0,0,0,0,0,0,0,0
132,"1,2,4-TRIMETHYLBENZENE",C9H12,95-63-6,OTHER ALKYLBENZENES,Evaluated,Smoothed,< 5%,323.127485,1,training,3,0,0,0,0,0,0,6,0,0,0,0,0,0,0,0,0,0,0,0,0,0,0,0,0,0,0,0,0,0,0,0,0,0,0,0,0,0,0,0
133,MESITYLENE,C9H12,108-67-8,OTHER ALKYLBENZENES,Evaluated,Smoothed,< 5%,323.127485,1,training,3,0,0,0,0,0,0,6,0,0,0,0,0,0,0,0,0,0,0,0,0,0,0,0,0,0,0,0,0,0,0,0,0,0,0,0,0,0,0,0
134,n-BUTYLBENZENE,C10H14,104-51-8,N-ALKYLBENZENES,Evaluated,Smoothed,< 5%,361.3171018,1,training,1,3,0,0,0,0,0,6,0,0,0,0,0,0,0,0,0,0,0,0,0,0,0,0,0,0,0,0,0,0,0,0,0,0,0,0,0,0,0,0
135,ISOBUTYLBENZENE,C10H14,538-93-2,OTHER ALKYLBENZENES,Evaluated,Smoothed,< 5%,354.7922572,2,training,2,1,1,0,0,0,0,6,0,0,0,0,0,0,0,0,0,0,0,0,0,0,0,0,0,0,0,0,0,0,0,0,0,0,0,0,0,0,0,0
136,sec-BUTYLBENZENE,C10H14,135-98-8,OTHER ALKYLBENZENES,Evaluated,Smoothed,< 5%,354.7922572,2,training,2,1,1,0,0,0,0,6,0,0,0,0,0,0,0,0,0,0,0,0,0,0,0,0,0,0,0,0,0,0,0,0,0,0,0,0,0,0,0,0
138,p-CYMENE,C10H14,99-87-6,OTHER ALKYLBENZENES,Evaluated,Smoothed,< 5%,362.9558786,1,training,3,0,1,0,0,0,0,6,0,0,0,0,0,0,0,0,0,0,0,0,0,0,0,0,0,0,0,0,0,0,0,0,0,0,0,0,0,0,0,0
139,o-DIETHYLBENZENE,C10H14,135-01-3,OTHER ALKYLBENZENES,Evaluated,Smoothed,< 5%,361.729575,1,training,2,2,0,0,0,0,0,6,0,0,0,0,0,0,0,0,0,0,0,0,0,0,0,0,0,0,0,0,0,0,0,0,0,0,0,0,0,0,0,0
140,m-DIETHYLBENZENE,C10H14,141-93-5,OTHER ALKYLBENZENES,Evaluated,Smoothed,< 5%,361.729575,1,training,2,2,0,0,0,0,0,6,0,0,0,0,0,0,0,0,0,0,0,0,0,0,0,0,0,0,0,0,0,0,0,0,0,0,0,0,0,0,0,0
141,p-DIETHYLBENZENE,C10H14,105-05-5,OTHER ALKYLBENZENES,Evaluated,Smoothed,< 5%,361.729575,1,training,2,2,0,0,0,0,0,6,0,0,0,0,0,0,0,0,0,0,0,0,0,0,0,0,0,0,0,0,0,0,0,0,0,0,0,0,0,0,0,0
142,alpha-TOCOPHEROL,C29H50O2,59-02-9,"OTHER POLYFUNCTIONAL C, H, O",Staff,Predicted,< 5%,1142.890156,1,training,8,11,4,0,2,1,0,6,0,0,0,0,0,0,0,0,0,0,0,0,0,0,0,0,0,0,1,2,0,0,2,0,0,7,0,1,0,0,0,0
143,n-HEPTYLBENZENE,C13H20,1078-71-3,N-ALKYLBENZENES,Evaluated,Smoothed,< 5%,485.3481534,1,training,1,6,0,0,0,0,0,6,0,0,0,0,0,0,0,0,0,0,0,0,0,0,0,0,0,0,0,0,0,0,0,0,0,0,0,0,0,0,0,0
144,n-DECYLBENZENE,C16H26,104-72-3,N-ALKYLBENZENES,Unevaluated,Experimental,< 1%,610.352442,2,training,1,9,0,0,0,0,0,6,0,0,0,0,0,0,0,0,0,0,0,0,0,0,0,0,0,0,0,0,0,0,0,0,0,0,0,0,0,0,0,0
145,CYCLOHEXYLBENZENE,C12H16,827-52-1,OTHER MONOAROMATICS,Unevaluated,Experimental,< 1%,409.2243388,1,training,0,5,1,0,5,1,0,6,0,0,0,0,0,0,0,0,0,0,0,0,0,0,0,0,0,0,0,0,0,0,0,0,0,0,0,0,0,0,0,0
146,BIPHENYL,C12H10,92-52-4,DIPHENYL/POLYAROMATICS,Unevaluated,Experimental,< 1%,370.8438081,3,training,0,0,0,0,0,0,0,12,0,0,0,0,0,0,0,0,0,0,0,0,0,0,0,0,0,0,0,0,0,0,0,0,0,0,0,0,0,0,0,0
147,p-TERPHENYL,C18H14,92-94-4,DIPHENYL/POLYAROMATICS,Unevaluated,Experimental,< 1%,547.7317685,1,training,0,0,0,0,0,0,0,18,0,0,0,0,0,0,0,0,0,0,0,0,0,0,0,0,0,0,0,0,0,0,0,0,0,0,0,0,0,0,0,0
148,m-TERPHENYL,C18H14,92-06-8,DIPHENYL/POLYAROMATICS,Unevaluated,Experimental,< 1%,547.7317685,1,training,0,0,0,0,0,0,0,18,0,0,0,0,0,0,0,0,0,0,0,0,0,0,0,0,0,0,0,0,0,0,0,0,0,0,0,0,0,0,0,0
149,o-TERPHENYL,C18H14,84-15-1,DIPHENYL/POLYAROMATICS,Unevaluated,Experimental,< 1%,547.7317685,1,training,0,0,0,0,0,0,0,18,0,0,0,0,0,0,0,0,0,0,0,0,0,0,0,0,0,0,0,0,0,0,0,0,0,0,0,0,0,0,0,0
150,"1,1-DIPHENYLETHANE",C14H14,612-00-0,DIPHENYL/POLYAROMATICS,Unevaluated,Experimental,< 1%,466.1777084,4,training,1,0,1,0,0,0,0,12,0,0,0,0,0,0,0,0,0,0,0,0,0,0,0,0,0,0,0,0,0,0,0,0,0,0,0,0,0,0,0,0
151,DIPHENYLMETHANE,C13H12,101-81-5,DIPHENYL/POLYAROMATICS,Unevaluated,Experimental,< 1%,408.68996,2,training,0,1,0,0,0,0,0,12,0,0,0,0,0,0,0,0,0,0,0,0,0,0,0,0,0,0,0,0,0,0,0,0,0,0,0,0,0,0,0,0
152,TRIPHENYLMETHANE,C19H16,519-73-3,DIPHENYL/POLYAROMATICS,Unevaluated,Experimental,< 1%,581.4227628,2,training,0,0,1,0,0,0,0,18,0,0,0,0,0,0,0,0,0,0,0,0,0,0,0,0,0,0,0,0,0,0,0,0,0,0,0,0,0,0,0,0
154,n-HEXYLBENZENE,C12H18,1077-16-3,N-ALKYLBENZENES,Unevaluated,Experimental,< 1%,443.8777656,1,training,1,5,0,0,0,0,0,6,0,0,0,0,0,0,0,0,0,0,0,0,0,0,0,0,0,0,0,0,0,0,0,0,0,0,0,0,0,0,0,0
156,n-NONYLBENZENE,C15H24,1081-77-2,N-ALKYLBENZENES,Evaluated,Smoothed,< 5%,568.5991639,1,training,1,8,0,0,0,0,0,6,0,0,0,0,0,0,0,0,0,0,0,0,0,0,0,0,0,0,0,0,0,0,0,0,0,0,0,0,0,0,0,0
157,STYRENE,C8H8,100-42-5,OTHER MONOAROMATICS,Evaluated,Smoothed,< 5%,269.5026642,2,training,0,0,0,0,0,0,0,6,2,1,1,0,0,0,0,0,0,0,0,0,0,0,0,0,0,0,0,0,0,0,0,0,0,0,0,0,0,0,0,0
158,alpha-METHYLSTYRENE,C9H10,98-83-9,OTHER MONOAROMATICS,Unevaluated,Experimental,< 1%,310.1616703,1,training,1,0,0,0,0,0,0,6,2,1,0,1,0,0,0,0,0,0,0,0,0,0,0,0,0,0,0,0,0,0,0,0,0,0,0,0,0,0,0,0
159,ETHYNYLBENZENE,C8H6,536-74-3,OTHER MONOAROMATICS,Unevaluated,Experimental,< 1%,265.4009766,1,training,0,0,0,0,0,0,0,6,0,0,0,0,1,1,0,0,0,0,0,0,0,0,0,0,0,0,0,0,0,0,0,0,1,0,0,0,0,0,0,0
160,NAPHTHALENE,C10H8,91-20-3,NAPHTHALENES,Evaluated,Smoothed,< 5%,308.4692538,2,training,0,0,0,0,0,0,0,10,0,0,0,0,0,0,0,0,0,0,0,0,0,0,0,0,0,0,0,0,0,0,0,0,0,0,0,0,0,0,0,0
161,1-METHYLNAPHTHALENE,C11H10,90-12-0,NAPHTHALENES,Unevaluated,Experimental,< 1%,345.4529005,2,training,1,0,0,0,0,0,0,10,0,0,0,0,0,0,0,0,0,0,0,0,0,0,0,0,0,0,0,0,0,0,0,0,0,0,0,0,0,0,0,0
162,1-ETHYLNAPHTHALENE,C12H12,1127-76-0,NAPHTHALENES,Evaluated,Smoothed,< 5%,382.9588411,1,training,1,1,0,0,0,0,0,10,0,0,0,0,0,0,0,0,0,0,0,0,0,0,0,0,0,0,0,0,0,0,0,0,0,0,0,0,0,0,0,0
163,"1,2,3,4-TETRAHYDRONAPHTHALENE",C10H12,119-64-2,NAPHTHALENES,Evaluated,Smoothed,< 5%,326.0462446,1,training,0,4,0,0,4,0,0,6,0,0,0,0,0,0,0,0,0,0,0,0,0,0,0,0,0,0,0,0,0,0,0,0,0,0,0,0,0,0,0,0
164,1-n-BUTYLNAPHTHALENE,C14H16,1634-09-9,NAPHTHALENES,Evaluated,Smoothed,< 5%,457.8222829,1,training,1,3,0,0,0,0,0,10,0,0,0,0,0,0,0,0,0,0,0,0,0,0,0,0,0,0,0,0,0,0,0,0,0,0,0,0,0,0,0,0
165,1-n-HEXYLNAPHTHALENE,C16H20,2876-53-1,NAPHTHALENES,Evaluated,Smoothed,< 5%,532.4506601,2,training,1,5,0,0,0,0,0,10,0,0,0,0,0,0,0,0,0,0,0,0,0,0,0,0,0,0,0,0,0,0,0,0,0,0,0,0,0,0,0,0
166,1-n-PROPYLNAPHTHALENE,C13H14,2765-18-6,NAPHTHALENES,Evaluated,Smoothed,< 5%,420.4173084,1,training,1,2,0,0,0,0,0,10,0,0,0,0,0,0,0,0,0,0,0,0,0,0,0,0,0,0,0,0,0,0,0,0,0,0,0,0,0,0,0,0
167,2-ETHYLNAPHTHALENE,C12H12,939-27-5,NAPHTHALENES,Evaluated,Smoothed,< 5%,382.9588411,2,training,1,1,0,0,0,0,0,10,0,0,0,0,0,0,0,0,0,0,0,0,0,0,0,0,0,0,0,0,0,0,0,0,0,0,0,0,0,0,0,0
168,INDENE,C9H8,95-13-6,OTHER HYDROCARBON RINGS,Unevaluated,Experimental,< 1%,292.5267627,2,training,0,1,0,0,1,0,0,6,2,0,2,0,0,0,0,0,0,0,0,0,0,0,0,0,0,0,0,0,0,0,0,0,0,0,0,0,0,0,0,0
169,PHENANTHRENE,C14H10,85-01-8,OTHER CONDENSED RINGS,Unevaluated,Experimental,< 1%,435.6307546,5,training,0,0,0,0,0,0,0,14,0,0,0,0,0,0,0,0,0,0,0,0,0,0,0,0,0,0,0,0,0,0,0,0,0,0,0,0,0,0,0,0
171,sec-BUTYLCYCLOHEXANE,C10H20,1/7/7058,ALKYLCYCLOHEXANES,Staff,Predicted,< 10%,398.0204279,1,training,2,6,2,0,5,1,0,0,0,0,0,0,0,0,0,0,0,0,0,0,0,0,0,0,0,0,0,0,0,0,0,0,0,0,0,0,0,0,0,0
173,alpha-PINENE,C10H16,80-56-8,TERPENES,Unevaluated,Experimental,< 1%,360.0865933,1,training,3,2,2,1,2,2,1,0,0,0,1,1,0,0,0,0,0,0,0,0,0,0,0,0,0,0,0,0,0,0,0,0,0,0,0,0,0,0,0,0
174,beta-PINENE,C10H16,127-91-3,TERPENES,Evaluated,Smoothed,< 5%,360.8004475,1,training,2,3,2,1,3,2,1,0,0,1,0,1,0,0,0,0,0,0,0,0,0,0,0,0,0,0,0,0,0,0,0,0,0,0,0,0,0,0,0,0
176,GLYCOL ALDEHYDE,C2H4O2,141-46-8,"OTHER POLYFUNCTIONAL C, H, O",Staff,Predicted,< 10%,136.2890434,1,training,1,0,0,0,0,0,0,0,0,0,0,0,0,0,0,0,1,0,1,1,0,0,0,0,0,0,1,2,1,0,0,0,0,0,0,0,1,0,0,0
178,ACETYLACETONE,C5H8O2,123-54-6,KETONES,Staff,Defined,< 10%,242.1159138,1,training,2,1,0,0,0,0,0,0,0,0,0,0,0,0,0,0,0,2,0,0,0,0,0,0,0,0,0,2,0,0,0,0,0,0,0,0,2,0,0,0
181,HYDRACRYLONITRILE_2002Review,C3H5NO,109-78-4,POLYFUNCTIONAL NITRILES,Staff,Predicted,< 10%,185.0418107,1,training,1,1,0,0,0,0,0,0,0,0,0,0,0,0,0,0,0,0,1,1,0,0,0,0,0,0,1,2,1,0,0,1,0,0,0,0,0,0,0,0
182,THIAINDAN,C8H8S,4565-32-6,SULFIDES/THIOPHENES,Staff,Predicted,< 10%,311.6946727,1,training,0,1,0,0,1,0,0,6,0,0,0,0,0,0,0,0,0,0,0,0,0,0,0,1,0,0,0,0,1,0,1,0,0,2,0,0,0,0,0,0
183,2-METHYL THIAINDAN,C9H10S,6165-55-5,SULFIDES/THIOPHENES,Staff,Predicted,< 10%,347.726423,1,training,1,2,0,0,2,0,0,6,0,0,0,0,0,0,0,0,0,0,0,0,0,0,0,1,0,0,0,0,0,1,1,0,0,5,0,0,0,0,0,0
184,TRIISOBUTYL ALUMINUM,C12H27Al,100-99-2,ORGANIC/INORGANIC COMPOUNDS,Staff,Predicted,< 10%,545.658816,1,training,6,0,3,0,0,0,0,0,0,0,0,0,0,0,0,0,0,0,0,0,0,0,0,0,0,0,0,0,0,0,0,0,0,0,0,0,0,0,0,0
185,epsilon-CAPROLACTAM_2002Review,C6H11NO,105-60-2,"POLYFUNCTIONAL C, H, O, N",Staff,Predicted,< 10%,284.7971521,1,training,0,4,0,0,4,0,0,0,0,0,0,0,0,0,0,0,0,0,0,0,0,0,0,0,0,0,1,2,1,0,0,1,0,2,0,0,1,0,0,0
186,ACETOMETHOXANE,C8H14O4,828-00-2,POLYFUNCTIONAL ESTERS,Staff,Predicted,< 5%,383.8732756,1,training,3,2,0,0,2,0,0,0,0,0,0,0,0,0,1,0,0,0,0,0,0,2,0,0,0,0,0,4,0,1,0,1,2,3,3,0,1,2,0,0
187,[3-(MERCAPTO)PROPYL]TRIETHOXYSILANE,C9H22O3SSi,14814-09-6,SILANES/SILOXANES,Staff,Predicted,< 10%,578.2083817,1,training,4,1,0,0,0,0,0,0,0,0,0,0,0,0,0,0,0,0,0,0,0,0,1,0,0,0,0,3,5,0,0,0,0,9,2,0,0,3,0,0
188,3-(TRIMETHOXYSILYL)-1-PROPANETHIOL,C6H16O3SSi,4420-74-0,SILANES/SILOXANES,Unevaluated,Unknown,< 5%,473.4821583,1,training,1,1,0,0,0,0,0,0,0,0,0,0,0,0,0,0,0,0,3,0,0,0,1,0,0,0,3,3,2,0,0,0,6,0,2,0,0,0,0,0
190,n-DOTRIACONTANE,C32H66,544-85-4,N-ALKANES,Unevaluated,Experimental,< 1%,1329.048632,1,training,2,30,0,0,0,0,0,0,0,0,0,0,0,0,0,0,0,0,0,0,0,0,0,0,0,0,0,0,0,0,0,0,0,0,0,0,0,0,0,0
191,2-CYCLOHEXENE-1-ONE,C6H8O,930-68-7,KETONES,Staff,Predicted,< 5%,228.1075445,1,training,0,3,0,0,3,0,0,0,3,0,2,0,0,0,0,0,0,1,0,0,0,0,0,0,0,0,0,1,0,0,0,0,0,0,0,0,1,0,0,0
192,"2,4-DIMETHYLOCTANE",C10H22,4032-94-4,DIMETHYLALKANES,Evaluated,Smoothed,< 5%,426.673616,1,training,4,4,2,0,0,0,0,0,0,0,0,0,0,0,0,0,0,0,0,0,0,0,0,0,0,0,0,0,0,0,0,0,0,0,0,0,0,0,0,0
194,2-ETHYL HEXANOIC ACID_2002Review,C8H16O2,149-57-5,OTHER ALIPHATIC ACIDS,Staff,Predicted,< 10%,367.4160757,1,training,2,4,1,0,0,0,0,0,0,0,0,0,0,0,0,0,0,0,1,0,0,0,0,0,0,0,1,2,0,0,0,1,0,0,0,1,1,0,0,0
195,PROPYLENEIMINE,C3H7N,75-55-8,"OTHER AMINES, IMINES",Staff,Predicted,< 10%,159.31902,1,training,1,1,0,0,1,0,0,0,0,0,0,0,0,0,0,0,0,0,0,0,0,0,0,0,0,0,1,1,1,1,0,0,0,3,0,0,0,0,0,0
196,DIAMYL KETONE,C11H22O,927-49-1,KETONES,Staff,Defined,< 3%,470.4504264,1,training,2,8,0,0,0,0,0,0,0,0,0,0,0,0,0,0,0,1,0,0,0,0,0,0,0,0,0,1,0,0,0,0,0,0,0,0,1,0,0,0
197,THYMOL,C10H14O,89-83-8,AROMATIC ALCOHOLS,Staff,Defined,< 1%,374.9934152,1,training,3,0,1,0,0,0,0,6,0,0,0,0,0,0,0,0,0,0,0,0,0,0,0,0,0,0,1,1,0,0,1,0,0,0,0,1,0,0,0,0
198,1-METHYL-3-HYDROXY-5-ISOPROPYL BENZENE,C10H14O,3/3/3228,AROMATIC ALCOHOLS,Staff,Predicted,< 5%,374.9934152,1,training,3,0,1,0,0,0,0,6,0,0,0,0,0,0,0,0,0,0,0,0,0,0,0,0,0,0,1,1,0,0,1,0,0,0,0,1,0,0,0,0
199,1-METHYL-3-HYDROXY-6-ISOPROPYL BENZENE,C10H14O,2/2/3228,AROMATIC ALCOHOLS,Staff,Predicted,< 5%,374.9934152,1,training,3,0,1,0,0,0,0,6,0,0,0,0,0,0,0,0,0,0,0,0,0,0,0,0,0,0,1,1,0,0,1,0,0,0,0,1,0,0,0,0
202,RDX,C3H6N6O6,121-82-4,"C, H, NO2 COMPOUNDS",Staff,Predicted,< 10%,389.1205434,1,training,0,0,0,0,0,0,0,0,0,0,0,0,0,0,0,0,0,0,0,0,0,0,0,0,0,0,0,9,0,0,0,0,6,0,0,0,0,0,3,0
203,HMX,C4H8N8O8,2691-41-0,"C, H, NO2 COMPOUNDS",Staff,Predicted,< 10%,508.9993118,1,training,0,0,0,0,0,0,0,0,0,0,0,0,0,0,0,0,0,0,0,0,0,0,0,0,0,0,0,12,0,0,0,0,8,0,0,0,0,0,4,0
205,2-METHYLTHIACYCLOPENTANE,C5H10S,1795-09-1,SULFIDES/THIOPHENES,Staff,Experimental,< 10%,251.9191448,1,training,1,3,0,0,3,0,0,0,0,0,0,0,0,0,0,0,0,0,0,0,0,0,0,1,0,0,0,0,1,1,0,0,0,7,0,0,0,0,0,0
206,sec-BUTENYL GLYCOL ETHER,C6H12O2,100524-60-5,"OTHER POLYFUNCTIONAL C, H, O",Staff,Predicted,< 10%,300.0970122,1,training,2,1,0,0,0,0,0,0,0,1,1,0,0,0,0,0,0,0,1,1,0,1,0,0,0,0,1,2,2,1,0,0,0,3,0,0,0,1,0,0
207,TRIMETHYL INDIUM,C3H9In,3385-78-2,ORGANIC/INORGANIC COMPOUNDS,Staff,Defined,< 50%,226.6671694,13,training,0,0,0,0,0,0,0,0,0,0,0,0,0,0,0,0,0,0,0,0,0,0,0,0,0,0,0,0,0,0,0,0,0,0,0,0,0,0,0,0
208,TRIETHYL GALLIUM,C6H15Ga,1115-99-7,ORGANIC/INORGANIC COMPOUNDS,Staff,Defined,< 50%,284.3175363,13,training,3,0,0,0,0,0,0,0,0,0,0,0,0,0,0,0,0,0,0,0,0,0,0,0,0,0,0,0,0,0,0,0,0,0,0,0,0,0,0,0
209,TIN(IV) CHLORIDE,Cl4Sn,7646-78-8,OTHER INORGANICS,Staff,Defined,< 1%,265.4717835,2,training,0,0,0,0,0,0,0,0,0,0,0,0,0,0,0,0,0,0,0,0,0,0,0,0,0,0,0,0,0,0,0,0,0,0,0,0,0,0,0,4
210,ARSENIC (III) CHLORIDE,AsCl3,7784-34-1,INORGANIC HALIDES,Staff,Predicted,< 10%,214.3090287,2,training,0,0,0,0,0,0,0,0,0,0,0,0,0,0,0,0,0,0,0,0,0,0,0,0,0,0,0,0,0,0,0,0,0,0,0,0,0,0,0,3
212,HEXADECAMETHYLCYCLOOCTASILOXANE,C16H48O8Si8,556-68-3,SILANES/SILOXANES,Staff,Predicted,< 10%,1423.568528,11,training,0,0,0,0,0,0,0,0,0,0,0,0,0,0,0,0,0,0,0,0,0,0,0,0,0,0,0,8,0,0,0,0,0,0,0,0,0,8,0,0
213,EICOSAMETHYLNONASILOXANE,C20H60O8Si9,2652-13-3,SILANES/SILOXANES,Staff,Predicted,< 5%,1423.568528,9,training,0,0,0,0,0,0,0,0,0,0,0,0,0,0,0,0,0,0,0,0,0,0,0,0,0,0,0,8,0,0,0,0,0,0,0,0,0,8,0,0
214,HEXACOSAMETHYLDODECASILOXANE,C26H78O11Si12,8/1/2471,SILANES/SILOXANES,Staff,Predicted,< 10%,2030.67643,1,training,0,0,0,0,0,0,0,0,0,0,0,0,0,0,0,0,0,0,0,0,0,0,0,0,0,0,0,11,0,0,0,0,0,0,0,0,0,11,0,0
215,(3-METHYLACRYLOXYPROPYL)TRICHLOROSILANE,C7H11Cl3O2Si,7351-61-3,SILANES/SILOXANES,Staff,Predicted,< 10%,511.0798931,1,training,2,1,0,0,0,0,0,0,3,1,0,1,0,0,1,0,0,0,0,0,0,0,0,0,0,0,0,2,2,0,0,1,0,0,2,0,1,0,0,3
216,BIS[3-(TRIMETHOXYSILYL)PROPYL]DISULFIDE,C12H30O6S2Si2,35112-74-4,SILANES/SILOXANES,Staff,Predicted,< 10%,888.6695821,1,training,0,2,0,0,0,0,0,0,0,0,0,0,0,0,0,0,0,0,0,0,0,0,0,0,1,0,0,6,4,0,0,0,0,0,4,0,0,6,0,0
217,TRIMETHYL SILANOL,C3H10OSi,1066-40-6,SILANES/SILOXANES,Staff,Predicted,< 10%,231.6457509,1,training,0,0,0,0,0,0,0,0,0,0,0,0,0,0,0,0,0,0,1,0,0,0,0,0,0,0,1,1,0,0,0,0,0,0,0,0,0,0,0,0
218,PROPANESULFONYL CHLORIDE,C3H7ClO2S,10147-36-1,ORGANIC/INORGANIC COMPOUNDS,Staff,Predicted,< 5%,253.7548388,1,training,1,1,0,0,0,0,0,0,0,0,0,0,0,0,0,0,0,0,0,0,0,0,0,0,0,0,0,2,1,0,0,0,0,2,0,0,2,0,0,1
219,2-HYDROXYPROPYL ACRYLATE,C6H10O3,999-61-1,POLYFUNCTIONAL ESTERS,Staff,Predicted,< 10%,318.304954,1,training,1,1,0,0,0,0,0,0,3,1,1,0,0,0,1,0,0,0,1,0,1,0,0,0,0,0,1,3,1,1,0,1,0,3,0,0,1,0,0,0
220,DI-(2-CHLOROETHOXY)METHANE,C5H10Cl2O2,111-91-1,"POLYFUNCTIONAL C, H, O, HALIDE",Staff,Predicted,< 5%,342.8262048,1,training,2,0,0,0,0,0,0,0,0,0,0,0,0,0,0,0,0,0,0,0,0,2,0,0,0,2,0,2,4,0,0,0,2,0,0,0,0,2,0,0
221,1-CHLORO-3-PROPANOL,C3H7ClO,627-30-5,"POLYFUNCTIONAL C, H, O, HALIDE",Staff,Predicted,< 5%,177.3909379,1,training,2,1,0,0,0,0,0,0,0,0,0,0,0,0,0,0,0,0,1,1,0,0,0,0,0,1,1,1,2,0,0,0,0,0,2,0,0,0,0,0
222,METHOXYACETONE,C4H8O2,5878-19-3,"OTHER POLYFUNCTIONAL C, H, O",Staff,Predicted,< 10%,218.6235807,1,training,1,0,0,0,0,0,0,0,0,0,0,0,0,0,0,0,0,1,0,0,0,1,0,0,0,0,0,2,1,0,0,0,0,0,0,0,1,1,0,0
223,STIGMASTEROL,C29H48O,83-48-7,CYCLOALIPHATIC ALCOHOLS,Staff,Predicted,< 10%,1048.132541,1,training,6,10,7,2,9,4,2,0,0,0,3,1,0,0,0,0,0,0,1,0,1,0,0,0,0,0,1,1,0,1,0,0,0,4,0,0,0,0,0,0
224,METHYL-4-FORMYLBENZOATE,C9H8O3,1571-08-0,"OTHER POLYFUNCTIONAL C, H, O",Staff,Predicted,< 10%,283.1654275,1,training,0,0,0,0,0,0,0,6,2,0,0,0,0,0,0,1,0,0,0,0,0,0,0,0,0,0,0,3,0,0,0,1,0,0,0,0,2,0,0,0
225,HYDROXYPIVALYL HYDROXYPIVALATE,C10H20O4,1115-20-4,POLYFUNCTIONAL ESTERS,Staff,Predicted,< 10%,476.3679344,1,training,6,0,0,2,0,0,0,0,0,0,0,0,0,0,1,0,0,0,2,2,0,0,0,0,0,0,2,4,3,0,0,1,0,0,0,0,1,0,0,0
226,TETRAETHYLENE GLYCOL MONOBUTYL ETHER,C12H26O5,1559-34-8,"OTHER POLYFUNCTIONAL C, H, O",Staff,Predicted,< 10%,622.7586839,1,training,2,2,0,0,0,0,0,0,0,0,0,0,0,0,0,0,0,0,1,1,0,4,0,0,0,0,1,5,9,0,0,0,0,2,0,0,0,4,0,0
227,METHYL para-TOLUATE,C9H10O2,99-75-2,AROMATIC ESTERS,Staff,Predicted,< 10%,347.886748,1,training,1,0,0,0,0,0,0,6,1,0,0,0,0,0,0,1,0,0,0,0,0,0,0,0,0,0,0,2,0,0,0,1,0,0,0,0,1,0,0,0
10,3-METHYLPENTANE,C6H14,96-14-0,METHYLALKANES,Evaluated,Smoothed,< 5%,268.7826761,1,validation,3,2,1,0,0,0,0,0,0,0,0,0,0,0,0,0,0,0,0,0,0,0,0,0,0,0,0,0,0,0,0,0,0,0,0,0,0,0,0,0
11,"2,2-DIMETHYLBUTANE",C6H14,75-83-2,DIMETHYLALKANES,Evaluated,Smoothed,< 5%,263.728501,2,validation,4,1,0,1,0,0,0,0,0,0,0,0,0,0,0,0,0,0,0,0,0,0,0,0,0,0,0,0,0,0,0,0,0,0,0,0,0,0,0,0
30,"2,5-DIMETHYLHEXANE",C8H18,592-13-2,DIMETHYLALKANES,Evaluated,Smoothed,< 5%,344.8987167,1,validation,4,2,2,0,0,0,0,0,0,0,0,0,0,0,0,0,0,0,0,0,0,0,0,0,0,0,0,0,0,0,0,0,0,0,0,0,0,0,0,0
42,"3,3-DIETHYLPENTANE",C9H20,1067-20-5,OTHER ALKANES,Evaluated,Smoothed,< 5%,381.8253081,2,validation,4,4,0,1,0,0,0,0,0,0,0,0,0,0,0,0,0,0,0,0,0,0,0,0,0,0,0,0,0,0,0,0,0,0,0,0,0,0,0,0
43,"2,2,3,3-TETRAMETHYLPENTANE",C9H20,7154-79-2,OTHER ALKANES,Evaluated,Smoothed,< 5%,380.1280852,2,validation,6,1,0,2,0,0,0,0,0,0,0,0,0,0,0,0,0,0,0,0,0,0,0,0,0,0,0,0,0,0,0,0,0,0,0,0,0,0,0,0
45,"2,2,4,4-TETRAMETHYLPENTANE",C9H20,1070-87-7,OTHER ALKANES,Evaluated,Smoothed,< 5%,380.1280852,1,validation,6,1,0,2,0,0,0,0,0,0,0,0,0,0,0,0,0,0,0,0,0,0,0,0,0,0,0,0,0,0,0,0,0,0,0,0,0,0,0,0
50,n-DODECANE,C12H26,112-40-3,N-ALKANES,Evaluated,Smoothed,< 5%,509.1948044,1,validation,2,10,0,0,0,0,0,0,0,0,0,0,0,0,0,0,0,0,0,0,0,0,0,0,0,0,0,0,0,0,0,0,0,0,0,0,0,0,0,0
69,ETHYLCYCLOPENTANE,C7H14,1640-89-7,ALKYLCYCLOPENTANES,Evaluated,Smoothed,< 5%,284.8212202,1,validation,1,5,1,0,4,1,0,0,0,0,0,0,0,0,0,0,0,0,0,0,0,0,0,0,0,0,0,0,0,0,0,0,0,0,0,0,0,0,0,0
76,ETHYLCYCLOHEXANE,C8H16,1678-91-7,ALKYLCYCLOHEXANES,Evaluated,Smoothed,< 5%,322.585728,1,validation,1,6,1,0,5,1,0,0,0,0,0,0,0,0,0,0,0,0,0,0,0,0,0,0,0,0,0,0,0,0,0,0,0,0,0,0,0,0,0,0
80,n-BUTYLCYCLOHEXANE,C10H20,1678-93-9,ALKYLCYCLOHEXANES,Evaluated,Smoothed,< 5%,400.5236638,1,validation,1,8,1,0,5,1,0,0,0,0,0,0,0,0,0,0,0,0,0,0,0,0,0,0,0,0,0,0,0,0,0,0,0,0,0,0,0,0,0,0
91,3-METHYL-1-BUTENE,C5H10,563-45-1,METHYLALKENES,Evaluated,Smoothed,< 5%,219.3442708,1,validation,2,0,1,0,0,0,0,0,0,1,1,0,0,0,0,0,0,0,0,0,0,0,0,0,0,0,0,0,0,0,0,0,0,0,0,0,0,0,0,0
92,2-METHYL-2-BUTENE,C5H10,513-35-9,METHYLALKENES,Unevaluated,Experimental,< 1%,222.7546445,3,validation,3,0,0,0,0,0,0,0,0,0,1,1,0,0,0,0,0,0,0,0,0,0,0,0,0,0,0,0,0,0,0,0,0,0,0,0,0,0,0,0
104,1-EICOSENE,C20H40,7/1/3452,1-ALKENES,Evaluated,Smoothed,< 5%,823.615609,1,validation,1,17,0,0,0,0,0,0,0,1,1,0,0,0,0,0,0,0,0,0,0,0,0,0,0,0,0,0,0,0,0,0,0,0,0,0,0,0,0,0
107,PROPADIENE,C3H4,463-49-0,DIALKENES,Unevaluated,Experimental,< 1%,113.2892365,9,validation,0,0,0,0,0,0,0,0,0,2,0,0,0,0,0,0,0,0,0,0,0,0,0,0,0,0,0,0,0,0,0,0,0,0,0,0,0,0,0,0
114,ETHYLACETYLENE,C4H6,107-00-6,ALKYNES,Unevaluated,Experimental,< 1%,168.0741876,1,validation,1,1,0,0,0,0,0,0,0,0,0,0,1,1,0,0,0,0,0,0,0,0,0,0,0,0,0,0,0,0,0,0,1,0,0,0,0,0,0,0
116,1-HEXYNE,C6H10,693-02-7,ALKYNES,Evaluated,Smoothed,< 5%,245.8949835,1,validation,1,3,0,0,0,0,0,0,0,0,0,0,1,1,0,0,0,0,0,0,0,0,0,0,0,0,0,0,0,0,0,0,1,0,0,0,0,0,0,0
130,p-ETHYLTOLUENE,C9H12,622-96-8,OTHER ALKYLBENZENES,Evaluated,Smoothed,< 5%,323.8702234,1,validation,2,1,0,0,0,0,0,6,0,0,0,0,0,0,0,0,0,0,0,0,0,0,0,0,0,0,0,0,0,0,0,0,0,0,0,0,0,0,0,0
137,tert-BUTYLBENZENE,C10H14,98-06-6,OTHER ALKYLBENZENES,Evaluated,Smoothed,< 5%,354.6403014,1,validation,3,0,0,1,0,0,0,6,0,0,0,0,0,0,0,0,0,0,0,0,0,0,0,0,0,0,0,0,0,0,0,0,0,0,0,0,0,0,0,0
155,n-OCTYLBENZENE,C14H22,2189-60-8,N-ALKYLBENZENES,Evaluated,Smoothed,< 5%,526.926549,1,validation,1,7,0,0,0,0,0,6,0,0,0,0,0,0,0,0,0,0,0,0,0,0,0,0,0,0,0,0,0,0,0,0,0,0,0,0,0,0,0,0
189,BIS[3-(TRIETHOXYSILYL)PROPYL]DISULFIDE,C18H42O6S2Si2,56706-10-6,SILANES/SILOXANES,Staff,Predicted,< 10%,1127.871305,1,validation,6,2,0,0,0,0,0,0,0,0,0,0,0,0,0,0,0,0,0,0,0,0,0,0,1,0,0,6,10,0,0,0,0,18,4,0,0,6,0,0
193,"2,7-DIMETHYLOCTANE",C10H22,1072-16-8,DIMETHYLALKANES,Evaluated,Smoothed,< 5%,426.673616,1,validation,4,4,2,0,0,0,0,0,0,0,0,0,0,0,0,0,0,0,0,0,0,0,0,0,0,0,0,0,0,0,0,0,0,0,0,0,0,0,0,0
201,sec-BUTENYL ACETATE,C6H10O2,11/7/6737,ACETATES,Staff,Predicted,< 10%,289.1771026,1,validation,2,1,0,0,0,0,0,0,0,1,1,0,0,0,1,0,0,0,0,0,0,0,0,0,0,0,0,2,0,1,0,1,0,3,0,0,1,0,0,0
